id;名字;星级;大图;头像;介绍;获取途径
fragmentID;fName;fStar;fImage;fIcon;fDesc;fAccess
510001;作战篇碎片1;2;;;集齐3个碎片，可合成兵法作作战篇;夺宝、战役
510002;作战篇碎片2;2;;;集齐3个碎片，可合成兵法作作战篇;夺宝、战役
510003;作战篇碎片3;2;;;集齐3个碎片，可合成兵法作作战篇;夺宝、战役
510004;九变篇碎片1;2;;;集齐3个碎片，可合成兵法作九变篇;夺宝、战役
510005;九变篇碎片2;2;;;集齐3个碎片，可合成兵法作九变篇;夺宝、战役
510006;九变篇碎片3;2;;;集齐3个碎片，可合成兵法作九变篇;夺宝、战役
510007;谋攻篇碎片1;2;;;集齐3个碎片，可合成兵法作谋攻篇;夺宝、战役
510008;谋攻篇碎片2;2;;;集齐3个碎片，可合成兵法作谋攻篇;夺宝、战役
510009;谋攻篇碎片3;2;;;集齐3个碎片，可合成兵法作谋攻篇;夺宝、战役
510010;士兵突击碎片1;2;;;集齐3个碎片，可合成兵法作士兵突击;夺宝、战役
510011;士兵突击碎片2;2;;;集齐3个碎片，可合成兵法作士兵突击;夺宝、战役
510012;士兵突击碎片3;2;;;集齐3个碎片，可合成兵法作士兵突击;夺宝、战役
510013;骑兵出击碎片1;2;;;集齐3个碎片，可合成兵法作骑兵出击;夺宝、战役
510014;骑兵出击碎片2;2;;;集齐3个碎片，可合成兵法作骑兵出击;夺宝、战役
510015;骑兵出击碎片3;2;;;集齐3个碎片，可合成兵法作骑兵出击;夺宝、战役
510016;暗藏甲兵碎片1;2;;;集齐3个碎片，可合成兵法作暗藏甲兵;夺宝、战役
510017;暗藏甲兵碎片2;2;;;集齐3个碎片，可合成兵法作暗藏甲兵;夺宝、战役
510018;暗藏甲兵碎片3;2;;;集齐3个碎片，可合成兵法作暗藏甲兵;夺宝、战役
510019;长弓齐射碎片1;2;;;集齐3个碎片，可合成兵法作长弓齐射;夺宝、战役
510020;长弓齐射碎片2;2;;;集齐3个碎片，可合成兵法作长弓齐射;夺宝、战役
510021;长弓齐射碎片3;2;;;集齐3个碎片，可合成兵法作长弓齐射;夺宝、战役
510022;城头落石碎片1;2;;;集齐3个碎片，可合成兵法作城头落石;夺宝、战役
510023;城头落石碎片2;2;;;集齐3个碎片，可合成兵法作城头落石;夺宝、战役
510024;城头落石碎片3;2;;;集齐3个碎片，可合成兵法作城头落石;夺宝、战役
510025;城头落木碎片1;2;;;集齐3个碎片，可合成兵法作城头落木;夺宝、战役
510026;城头落木碎片2;2;;;集齐3个碎片，可合成兵法作城头落木;夺宝、战役
510027;城头落木碎片3;2;;;集齐3个碎片，可合成兵法作城头落木;夺宝、战役
510028;陷马坑碎片1;2;;;集齐3个碎片，可合成兵法作陷马坑;夺宝、战役
510029;陷马坑碎片2;2;;;集齐3个碎片，可合成兵法作陷马坑;夺宝、战役
510030;陷马坑碎片3;2;;;集齐3个碎片，可合成兵法作陷马坑;夺宝、战役
510031;绊马索碎片1;2;;;集齐3个碎片，可合成兵法作绊马索;夺宝、战役
510032;绊马索碎片2;2;;;集齐3个碎片，可合成兵法作绊马索;夺宝、战役
510033;绊马索碎片3;2;;;集齐3个碎片，可合成兵法作绊马索;夺宝、战役
510034;削竹为阵碎片1;2;;;集齐3个碎片，可合成兵法作削竹为阵;夺宝、战役
510035;削竹为阵碎片2;2;;;集齐3个碎片，可合成兵法作削竹为阵;夺宝、战役
510036;削竹为阵碎片3;2;;;集齐3个碎片，可合成兵法作削竹为阵;夺宝、战役
510037;剑阵陷阱碎片1;2;;;集齐3个碎片，可合成兵法作剑阵陷阱;夺宝、战役
510038;剑阵陷阱碎片2;2;;;集齐3个碎片，可合成兵法作剑阵陷阱;夺宝、战役
510039;剑阵陷阱碎片3;2;;;集齐3个碎片，可合成兵法作剑阵陷阱;夺宝、战役
510040;招魂术碎片1;2;;;集齐3个碎片，可合成兵法作招魂术;夺宝、战役
510041;招魂术碎片2;2;;;集齐3个碎片，可合成兵法作招魂术;夺宝、战役
510042;招魂术碎片3;2;;;集齐3个碎片，可合成兵法作招魂术;夺宝、战役
510043;诅咒术碎片1;2;;;集齐3个碎片，可合成兵法作诅咒术;夺宝、战役
510044;诅咒术碎片2;2;;;集齐3个碎片，可合成兵法作诅咒术;夺宝、战役
510045;诅咒术碎片3;2;;;集齐3个碎片，可合成兵法作诅咒术;夺宝、战役
510046;势如破竹碎片1;2;;;集齐3个碎片，可合成兵法作势如破竹;夺宝、战役
510047;势如破竹碎片2;2;;;集齐3个碎片，可合成兵法作势如破竹;夺宝、战役
510048;势如破竹碎片3;2;;;集齐3个碎片，可合成兵法作势如破竹;夺宝、战役
510049;扬马沙场碎片1;2;;;集齐3个碎片，可合成兵法作扬马沙场;夺宝、战役
510050;扬马沙场碎片2;2;;;集齐3个碎片，可合成兵法作扬马沙场;夺宝、战役
510051;扬马沙场碎片3;2;;;集齐3个碎片，可合成兵法作扬马沙场;夺宝、战役
510052;背水一战碎片1;3;;;集齐4个碎片，可合成兵法作背水一战;夺宝、战役
510053;背水一战碎片2;3;;;集齐4个碎片，可合成兵法作背水一战;夺宝、战役
510054;背水一战碎片3;3;;;集齐4个碎片，可合成兵法作背水一战;夺宝、战役
510055;背水一战碎片4;3;;;集齐4个碎片，可合成兵法作背水一战;夺宝、战役
510056;随机应变碎片1;3;;;集齐4个碎片，可合成兵法作随机应变;夺宝、战役
510057;随机应变碎片2;3;;;集齐4个碎片，可合成兵法作随机应变;夺宝、战役
510058;随机应变碎片3;3;;;集齐4个碎片，可合成兵法作随机应变;夺宝、战役
510059;随机应变碎片4;3;;;集齐4个碎片，可合成兵法作随机应变;夺宝、战役
510060;上兵伐谋碎片1;3;;;集齐4个碎片，可合成兵法作上兵伐谋;夺宝、战役
510061;上兵伐谋碎片2;3;;;集齐4个碎片，可合成兵法作上兵伐谋;夺宝、战役
510062;上兵伐谋碎片3;3;;;集齐4个碎片，可合成兵法作上兵伐谋;夺宝、战役
510063;上兵伐谋碎片4;3;;;集齐4个碎片，可合成兵法作上兵伐谋;夺宝、战役
510064;精兵突袭碎片1;3;;;集齐4个碎片，可合成兵法作精兵突袭;夺宝、战役
510065;精兵突袭碎片2;3;;;集齐4个碎片，可合成兵法作精兵突袭;夺宝、战役
510066;精兵突袭碎片3;3;;;集齐4个碎片，可合成兵法作精兵突袭;夺宝、战役
510067;精兵突袭碎片4;3;;;集齐4个碎片，可合成兵法作精兵突袭;夺宝、战役
510068;灵武骑射碎片1;3;;;集齐4个碎片，可合成兵法作灵武骑射;夺宝、战役
510069;灵武骑射碎片2;3;;;集齐4个碎片，可合成兵法作灵武骑射;夺宝、战役
510070;灵武骑射碎片3;3;;;集齐4个碎片，可合成兵法作灵武骑射;夺宝、战役
510071;灵武骑射碎片4;3;;;集齐4个碎片，可合成兵法作灵武骑射;夺宝、战役
510072;伏兵奇袭碎片1;3;;;集齐4个碎片，可合成兵法作伏兵奇袭;夺宝、战役
510073;伏兵奇袭碎片2;3;;;集齐4个碎片，可合成兵法作伏兵奇袭;夺宝、战役
510074;伏兵奇袭碎片3;3;;;集齐4个碎片，可合成兵法作伏兵奇袭;夺宝、战役
510075;伏兵奇袭碎片4;3;;;集齐4个碎片，可合成兵法作伏兵奇袭;夺宝、战役
510076;弩箭齐射碎片1;3;;;集齐4个碎片，可合成兵法作弩箭齐射;夺宝、战役
510077;弩箭齐射碎片2;3;;;集齐4个碎片，可合成兵法作弩箭齐射;夺宝、战役
510078;弩箭齐射碎片3;3;;;集齐4个碎片，可合成兵法作弩箭齐射;夺宝、战役
510079;弩箭齐射碎片4;3;;;集齐4个碎片，可合成兵法作弩箭齐射;夺宝、战役
510080;六甲天兵碎片1;3;;;集齐4个碎片，可合成兵法作六甲天兵;夺宝、战役
510081;六甲天兵碎片2;3;;;集齐4个碎片，可合成兵法作六甲天兵;夺宝、战役
510082;六甲天兵碎片3;3;;;集齐4个碎片，可合成兵法作六甲天兵;夺宝、战役
510083;六甲天兵碎片4;3;;;集齐4个碎片，可合成兵法作六甲天兵;夺宝、战役
510084;电闪雷鸣碎片1;3;;;集齐4个碎片，可合成兵法作电闪雷鸣;夺宝、战役
510085;电闪雷鸣碎片2;3;;;集齐4个碎片，可合成兵法作电闪雷鸣;夺宝、战役
510086;电闪雷鸣碎片3;3;;;集齐4个碎片，可合成兵法作电闪雷鸣;夺宝、战役
510087;电闪雷鸣碎片4;3;;;集齐4个碎片，可合成兵法作电闪雷鸣;夺宝、战役
510088;笑里藏刀碎片1;3;;;集齐4个碎片，可合成兵法作笑里藏刀;夺宝、战役
510089;笑里藏刀碎片2;3;;;集齐4个碎片，可合成兵法作笑里藏刀;夺宝、战役
510090;笑里藏刀碎片3;3;;;集齐4个碎片，可合成兵法作笑里藏刀;夺宝、战役
510091;笑里藏刀碎片4;3;;;集齐4个碎片，可合成兵法作笑里藏刀;夺宝、战役
510092;擒贼擒王碎片1;3;;;集齐4个碎片，可合成兵法作擒贼擒王;夺宝、战役
510093;擒贼擒王碎片2;3;;;集齐4个碎片，可合成兵法作擒贼擒王;夺宝、战役
510094;擒贼擒王碎片3;3;;;集齐4个碎片，可合成兵法作擒贼擒王;夺宝、战役
510095;擒贼擒王碎片4;3;;;集齐4个碎片，可合成兵法作擒贼擒王;夺宝、战役
510096;趁火打劫碎片1;3;;;集齐4个碎片，可合成兵法作趁火打劫;夺宝、战役
510097;趁火打劫碎片2;3;;;集齐4个碎片，可合成兵法作趁火打劫;夺宝、战役
510098;趁火打劫碎片3;3;;;集齐4个碎片，可合成兵法作趁火打劫;夺宝、战役
510099;趁火打劫碎片4;3;;;集齐4个碎片，可合成兵法作趁火打劫;夺宝、战役
510100;全军冲锋碎片1;3;;;集齐4个碎片，可合成兵法作全军冲锋;夺宝、战役
510101;全军冲锋碎片2;3;;;集齐4个碎片，可合成兵法作全军冲锋;夺宝、战役
510102;全军冲锋碎片3;3;;;集齐4个碎片，可合成兵法作全军冲锋;夺宝、战役
510103;全军冲锋碎片4;3;;;集齐4个碎片，可合成兵法作全军冲锋;夺宝、战役
510104;马蒙虎皮碎片1;3;;;集齐4个碎片，可合成兵法作马蒙虎皮;夺宝、战役
510105;马蒙虎皮碎片2;3;;;集齐4个碎片，可合成兵法作马蒙虎皮;夺宝、战役
510106;马蒙虎皮碎片3;3;;;集齐4个碎片，可合成兵法作马蒙虎皮;夺宝、战役
510107;马蒙虎皮碎片4;3;;;集齐4个碎片，可合成兵法作马蒙虎皮;夺宝、战役
510108;木鸢投矢碎片1;3;;;集齐4个碎片，可合成兵法作木鸢投矢;夺宝、战役
510109;木鸢投矢碎片2;3;;;集齐4个碎片，可合成兵法作木鸢投矢;夺宝、战役
510110;木鸢投矢碎片3;3;;;集齐4个碎片，可合成兵法作木鸢投矢;夺宝、战役
510111;木鸢投矢碎片4;3;;;集齐4个碎片，可合成兵法作木鸢投矢;夺宝、战役
510112;转射机碎片1;3;;;集齐4个碎片，可合成兵法作转射机;夺宝、战役
510113;转射机碎片2;3;;;集齐4个碎片，可合成兵法作转射机;夺宝、战役
510114;转射机碎片3;3;;;集齐4个碎片，可合成兵法作转射机;夺宝、战役
510115;转射机碎片4;3;;;集齐4个碎片，可合成兵法作转射机;夺宝、战役
510116;以逸待劳碎片1;3;;;集齐4个碎片，可合成兵法作以逸待劳;夺宝、战役
510117;以逸待劳碎片2;3;;;集齐4个碎片，可合成兵法作以逸待劳;夺宝、战役
510118;以逸待劳碎片3;3;;;集齐4个碎片，可合成兵法作以逸待劳;夺宝、战役
510119;以逸待劳碎片4;3;;;集齐4个碎片，可合成兵法作以逸待劳;夺宝、战役
510120;诡计百出碎片1;3;;;集齐4个碎片，可合成兵法作诡计百出;夺宝、战役
510121;诡计百出碎片2;3;;;集齐4个碎片，可合成兵法作诡计百出;夺宝、战役
510122;诡计百出碎片3;3;;;集齐4个碎片，可合成兵法作诡计百出;夺宝、战役
510123;诡计百出碎片4;3;;;集齐4个碎片，可合成兵法作诡计百出;夺宝、战役
510124;攻城锤击碎片1;3;;;集齐4个碎片，可合成兵法作攻城锤击;夺宝、战役
510125;攻城锤击碎片2;3;;;集齐4个碎片，可合成兵法作攻城锤击;夺宝、战役
510126;攻城锤击碎片3;3;;;集齐4个碎片，可合成兵法作攻城锤击;夺宝、战役
510127;攻城锤击碎片4;3;;;集齐4个碎片，可合成兵法作攻城锤击;夺宝、战役
510128;云梯纵横碎片1;3;;;集齐4个碎片，可合成兵法作云梯纵横;夺宝、战役
510129;云梯纵横碎片2;3;;;集齐4个碎片，可合成兵法作云梯纵横;夺宝、战役
510130;云梯纵横碎片3;3;;;集齐4个碎片，可合成兵法作云梯纵横;夺宝、战役
510131;云梯纵横碎片4;3;;;集齐4个碎片，可合成兵法作云梯纵横;夺宝、战役
510132;水柱冲击碎片1;3;;;集齐4个碎片，可合成兵法作水柱冲击;夺宝、战役
510133;水柱冲击碎片2;3;;;集齐4个碎片，可合成兵法作水柱冲击;夺宝、战役
510134;水柱冲击碎片3;3;;;集齐4个碎片，可合成兵法作水柱冲击;夺宝、战役
510135;水柱冲击碎片4;3;;;集齐4个碎片，可合成兵法作水柱冲击;夺宝、战役
510136;乘风破浪碎片1;3;;;集齐4个碎片，可合成兵法作乘风破浪;夺宝、战役
510137;乘风破浪碎片2;3;;;集齐4个碎片，可合成兵法作乘风破浪;夺宝、战役
510138;乘风破浪碎片3;3;;;集齐4个碎片，可合成兵法作乘风破浪;夺宝、战役
510139;乘风破浪碎片4;3;;;集齐4个碎片，可合成兵法作乘风破浪;夺宝、战役
510140;烈焰之击碎片1;3;;;集齐4个碎片，可合成兵法作烈焰之击;夺宝、战役
510141;烈焰之击碎片2;3;;;集齐4个碎片，可合成兵法作烈焰之击;夺宝、战役
510142;烈焰之击碎片3;3;;;集齐4个碎片，可合成兵法作烈焰之击;夺宝、战役
510143;烈焰之击碎片4;3;;;集齐4个碎片，可合成兵法作烈焰之击;夺宝、战役
510144;借刀杀人碎片1;3;;;集齐4个碎片，可合成兵法作借刀杀人;夺宝、战役
510145;借刀杀人碎片2;3;;;集齐4个碎片，可合成兵法作借刀杀人;夺宝、战役
510146;借刀杀人碎片3;3;;;集齐4个碎片，可合成兵法作借刀杀人;夺宝、战役
510147;借刀杀人碎片4;3;;;集齐4个碎片，可合成兵法作借刀杀人;夺宝、战役
510148;雷霆连击碎片1;3;;;集齐4个碎片，可合成兵法作雷霆连击;夺宝、战役
510149;雷霆连击碎片2;3;;;集齐4个碎片，可合成兵法作雷霆连击;夺宝、战役
510150;雷霆连击碎片3;3;;;集齐4个碎片，可合成兵法作雷霆连击;夺宝、战役
510151;雷霆连击碎片4;3;;;集齐4个碎片，可合成兵法作雷霆连击;夺宝、战役
510152;冲锋陷阵碎片1;3;;;集齐4个碎片，可合成兵法作冲锋陷阵;夺宝、战役
510153;冲锋陷阵碎片2;3;;;集齐4个碎片，可合成兵法作冲锋陷阵;夺宝、战役
510154;冲锋陷阵碎片3;3;;;集齐4个碎片，可合成兵法作冲锋陷阵;夺宝、战役
510155;冲锋陷阵碎片4;3;;;集齐4个碎片，可合成兵法作冲锋陷阵;夺宝、战役
510156;三军齐出碎片1;3;;;集齐4个碎片，可合成兵法作三军齐出;夺宝、战役
510157;三军齐出碎片2;3;;;集齐4个碎片，可合成兵法作三军齐出;夺宝、战役
510158;三军齐出碎片3;3;;;集齐4个碎片，可合成兵法作三军齐出;夺宝、战役
510159;三军齐出碎片4;3;;;集齐4个碎片，可合成兵法作三军齐出;夺宝、战役
510160;万箭齐发碎片1;3;;;集齐4个碎片，可合成兵法作万箭齐发;夺宝、战役
510161;万箭齐发碎片2;3;;;集齐4个碎片，可合成兵法作万箭齐发;夺宝、战役
510162;万箭齐发碎片3;3;;;集齐4个碎片，可合成兵法作万箭齐发;夺宝、战役
510163;万箭齐发碎片4;3;;;集齐4个碎片，可合成兵法作万箭齐发;夺宝、战役
510164;水淹三军碎片1;3;;;集齐4个碎片，可合成兵法作水淹三军;夺宝、战役
510165;水淹三军碎片2;3;;;集齐4个碎片，可合成兵法作水淹三军;夺宝、战役
510166;水淹三军碎片3;3;;;集齐4个碎片，可合成兵法作水淹三军;夺宝、战役
510167;水淹三军碎片4;3;;;集齐4个碎片，可合成兵法作水淹三军;夺宝、战役
510168;风卷残云碎片1;3;;;集齐4个碎片，可合成兵法作风卷残云;夺宝、战役
510169;风卷残云碎片2;3;;;集齐4个碎片，可合成兵法作风卷残云;夺宝、战役
510170;风卷残云碎片3;3;;;集齐4个碎片，可合成兵法作风卷残云;夺宝、战役
510171;风卷残云碎片4;3;;;集齐4个碎片，可合成兵法作风卷残云;夺宝、战役
510172;无边落木碎片1;3;;;集齐4个碎片，可合成兵法作无边落木;夺宝、战役
510173;无边落木碎片2;3;;;集齐4个碎片，可合成兵法作无边落木;夺宝、战役
510174;无边落木碎片3;3;;;集齐4个碎片，可合成兵法作无边落木;夺宝、战役
510175;无边落木碎片4;3;;;集齐4个碎片，可合成兵法作无边落木;夺宝、战役
510176;知己知彼碎片1;4;;;集齐6个碎片，可合成兵法作知己知彼;夺宝
510177;知己知彼碎片2;4;;;集齐6个碎片，可合成兵法作知己知彼;夺宝
510178;知己知彼碎片3;4;;;集齐6个碎片，可合成兵法作知己知彼;夺宝
510179;知己知彼碎片4;4;;;集齐6个碎片，可合成兵法作知己知彼;夺宝
510180;知己知彼碎片5;4;;;集齐6个碎片，可合成兵法作知己知彼;夺宝
510181;知己知彼碎片6;4;;;集齐6个碎片，可合成兵法作知己知彼;夺宝
510182;励精图治碎片1;4;;;集齐6个碎片，可合成兵法作励精图治;夺宝
510183;励精图治碎片2;4;;;集齐6个碎片，可合成兵法作励精图治;夺宝
510184;励精图治碎片3;4;;;集齐6个碎片，可合成兵法作励精图治;夺宝
510185;励精图治碎片4;4;;;集齐6个碎片，可合成兵法作励精图治;夺宝
510186;励精图治碎片5;4;;;集齐6个碎片，可合成兵法作励精图治;夺宝
510187;励精图治碎片6;4;;;集齐6个碎片，可合成兵法作励精图治;夺宝
510188;运筹帷幄碎片1;4;;;集齐6个碎片，可合成兵法作运筹帷幄;夺宝
510189;运筹帷幄碎片2;4;;;集齐6个碎片，可合成兵法作运筹帷幄;夺宝
510190;运筹帷幄碎片3;4;;;集齐6个碎片，可合成兵法作运筹帷幄;夺宝
510191;运筹帷幄碎片4;4;;;集齐6个碎片，可合成兵法作运筹帷幄;夺宝
510192;运筹帷幄碎片5;4;;;集齐6个碎片，可合成兵法作运筹帷幄;夺宝
510193;运筹帷幄碎片6;4;;;集齐6个碎片，可合成兵法作运筹帷幄;夺宝
510194;虎狼之军碎片1;4;;;集齐6个碎片，可合成兵法作虎狼之军;夺宝
510195;虎狼之军碎片2;4;;;集齐6个碎片，可合成兵法作虎狼之军;夺宝
510196;虎狼之军碎片3;4;;;集齐6个碎片，可合成兵法作虎狼之军;夺宝
510197;虎狼之军碎片4;4;;;集齐6个碎片，可合成兵法作虎狼之军;夺宝
510198;虎狼之军碎片5;4;;;集齐6个碎片，可合成兵法作虎狼之军;夺宝
510199;虎狼之军碎片6;4;;;集齐6个碎片，可合成兵法作虎狼之军;夺宝
510200;大秦铁骑碎片1;4;;;集齐6个碎片，可合成兵法作大秦铁骑;夺宝
510201;大秦铁骑碎片2;4;;;集齐6个碎片，可合成兵法作大秦铁骑;夺宝
510202;大秦铁骑碎片3;4;;;集齐6个碎片，可合成兵法作大秦铁骑;夺宝
510203;大秦铁骑碎片4;4;;;集齐6个碎片，可合成兵法作大秦铁骑;夺宝
510204;大秦铁骑碎片5;4;;;集齐6个碎片，可合成兵法作大秦铁骑;夺宝
510205;大秦铁骑碎片6;4;;;集齐6个碎片，可合成兵法作大秦铁骑;夺宝
510206;出奇制胜碎片1;4;;;集齐6个碎片，可合成兵法作出奇制胜;夺宝
510207;出奇制胜碎片2;4;;;集齐6个碎片，可合成兵法作出奇制胜;夺宝
510208;出奇制胜碎片3;4;;;集齐6个碎片，可合成兵法作出奇制胜;夺宝
510209;出奇制胜碎片4;4;;;集齐6个碎片，可合成兵法作出奇制胜;夺宝
510210;出奇制胜碎片5;4;;;集齐6个碎片，可合成兵法作出奇制胜;夺宝
510211;出奇制胜碎片6;4;;;集齐6个碎片，可合成兵法作出奇制胜;夺宝
510212;百步穿杨碎片1;4;;;集齐6个碎片，可合成兵法作百步穿杨;夺宝
510213;百步穿杨碎片2;4;;;集齐6个碎片，可合成兵法作百步穿杨;夺宝
510214;百步穿杨碎片3;4;;;集齐6个碎片，可合成兵法作百步穿杨;夺宝
510215;百步穿杨碎片4;4;;;集齐6个碎片，可合成兵法作百步穿杨;夺宝
510216;百步穿杨碎片5;4;;;集齐6个碎片，可合成兵法作百步穿杨;夺宝
510217;百步穿杨碎片6;4;;;集齐6个碎片，可合成兵法作百步穿杨;夺宝
510218;天雷击碎片1;4;;;集齐6个碎片，可合成兵法作天雷击;夺宝
510219;天雷击碎片2;4;;;集齐6个碎片，可合成兵法作天雷击;夺宝
510220;天雷击碎片3;4;;;集齐6个碎片，可合成兵法作天雷击;夺宝
510221;天雷击碎片4;4;;;集齐6个碎片，可合成兵法作天雷击;夺宝
510222;天雷击碎片5;4;;;集齐6个碎片，可合成兵法作天雷击;夺宝
510223;天雷击碎片6;4;;;集齐6个碎片，可合成兵法作天雷击;夺宝
510224;精兵强袭碎片1;4;;;集齐6个碎片，可合成兵法作精兵强袭;夺宝
510225;精兵强袭碎片2;4;;;集齐6个碎片，可合成兵法作精兵强袭;夺宝
510226;精兵强袭碎片3;4;;;集齐6个碎片，可合成兵法作精兵强袭;夺宝
510227;精兵强袭碎片4;4;;;集齐6个碎片，可合成兵法作精兵强袭;夺宝
510228;精兵强袭碎片5;4;;;集齐6个碎片，可合成兵法作精兵强袭;夺宝
510229;精兵强袭碎片6;4;;;集齐6个碎片，可合成兵法作精兵强袭;夺宝
510230;万马齐喑碎片1;4;;;集齐6个碎片，可合成兵法作万马齐喑;夺宝
510231;万马齐喑碎片2;4;;;集齐6个碎片，可合成兵法作万马齐喑;夺宝
510232;万马齐喑碎片3;4;;;集齐6个碎片，可合成兵法作万马齐喑;夺宝
510233;万马齐喑碎片4;4;;;集齐6个碎片，可合成兵法作万马齐喑;夺宝
510234;万马齐喑碎片5;4;;;集齐6个碎片，可合成兵法作万马齐喑;夺宝
510235;万马齐喑碎片6;4;;;集齐6个碎片，可合成兵法作连环弩阵;夺宝
510236;连环弩阵碎片1;4;;;集齐6个碎片，可合成兵法作连环弩阵;夺宝
510237;连环弩阵碎片2;4;;;集齐6个碎片，可合成兵法作连环弩阵;夺宝
510238;连环弩阵碎片3;4;;;集齐6个碎片，可合成兵法作连环弩阵;夺宝
510239;连环弩阵碎片4;4;;;集齐6个碎片，可合成兵法作连环弩阵;夺宝
510240;连环弩阵碎片5;4;;;集齐6个碎片，可合成兵法作连环弩阵;夺宝
510241;连环弩阵碎片6;4;;;集齐6个碎片，可合成兵法作连环弩阵;夺宝
510242;藉车碎片1;4;;;集齐6个碎片，可合成兵法作藉车;夺宝
510243;藉车碎片2;4;;;集齐6个碎片，可合成兵法作藉车;夺宝
510244;藉车碎片3;4;;;集齐6个碎片，可合成兵法作藉车;夺宝
510245;藉车碎片4;4;;;集齐6个碎片，可合成兵法作藉车;夺宝
510246;藉车碎片5;4;;;集齐6个碎片，可合成兵法作藉车;夺宝
510247;藉车碎片6;4;;;集齐6个碎片，可合成兵法作藉车;夺宝
510248;连弩车碎片1;4;;;集齐6个碎片，可合成兵法作连弩车;夺宝
510249;连弩车碎片2;4;;;集齐6个碎片，可合成兵法作连弩车;夺宝
510250;连弩车碎片3;4;;;集齐6个碎片，可合成兵法作连弩车;夺宝
510251;连弩车碎片4;4;;;集齐6个碎片，可合成兵法作连弩车;夺宝
510252;连弩车碎片5;4;;;集齐6个碎片，可合成兵法作连弩车;夺宝
510253;连弩车碎片6;4;;;集齐6个碎片，可合成兵法作连弩车;夺宝
510254;飞沙走石碎片1;4;;;集齐6个碎片，可合成兵法作飞沙走石;夺宝
510255;飞沙走石碎片2;4;;;集齐6个碎片，可合成兵法作飞沙走石;夺宝
510256;飞沙走石碎片3;4;;;集齐6个碎片，可合成兵法作飞沙走石;夺宝
510257;飞沙走石碎片4;4;;;集齐6个碎片，可合成兵法作飞沙走石;夺宝
510258;飞沙走石碎片5;4;;;集齐6个碎片，可合成兵法作飞沙走石;夺宝
510259;飞沙走石碎片6;4;;;集齐6个碎片，可合成兵法作飞沙走石;夺宝
510260;火烧连营碎片1;4;;;集齐6个碎片，可合成兵法作火烧连营;夺宝
510261;火烧连营碎片2;4;;;集齐6个碎片，可合成兵法作火烧连营;夺宝
510262;火烧连营碎片3;4;;;集齐6个碎片，可合成兵法作火烧连营;夺宝
510263;火烧连营碎片4;4;;;集齐6个碎片，可合成兵法作火烧连营;夺宝
510264;火烧连营碎片5;4;;;集齐6个碎片，可合成兵法作火烧连营;夺宝
510265;火烧连营碎片6;4;;;集齐6个碎片，可合成兵法作火烧连营;夺宝
510266;冰封千里碎片1;4;;;集齐6个碎片，可合成兵法作冰封千里;夺宝
510267;冰封千里碎片2;4;;;集齐6个碎片，可合成兵法作冰封千里;夺宝
510268;冰封千里碎片3;4;;;集齐6个碎片，可合成兵法作冰封千里;夺宝
510269;冰封千里碎片4;4;;;集齐6个碎片，可合成兵法作冰封千里;夺宝
510270;冰封千里碎片5;4;;;集齐6个碎片，可合成兵法作冰封千里;夺宝
510271;冰封千里碎片6;4;;;集齐6个碎片，可合成兵法作冰封千里;夺宝
510272;视死如归碎片1;4;;;集齐6个碎片，可合成兵法作视死如归;夺宝
510273;视死如归碎片2;4;;;集齐6个碎片，可合成兵法作视死如归;夺宝
510274;视死如归碎片3;4;;;集齐6个碎片，可合成兵法作视死如归;夺宝
510275;视死如归碎片4;4;;;集齐6个碎片，可合成兵法作视死如归;夺宝
510276;视死如归碎片5;4;;;集齐6个碎片，可合成兵法作视死如归;夺宝
510277;视死如归碎片6;4;;;集齐6个碎片，可合成兵法作视死如归;夺宝
510278;长驱直入碎片1;4;;;集齐6个碎片，可合成兵法作长驱直入;夺宝
510279;长驱直入碎片2;4;;;集齐6个碎片，可合成兵法作长驱直入;夺宝
510280;长驱直入碎片3;4;;;集齐6个碎片，可合成兵法作长驱直入;夺宝
510281;长驱直入碎片4;4;;;集齐6个碎片，可合成兵法作长驱直入;夺宝
510282;长驱直入碎片5;4;;;集齐6个碎片，可合成兵法作长驱直入;夺宝
510283;长驱直入碎片6;4;;;集齐6个碎片，可合成兵法作长驱直入;夺宝
510284;步步为营碎片1;4;;;集齐6个碎片，可合成兵法作步步为营;夺宝
510285;步步为营碎片2;4;;;集齐6个碎片，可合成兵法作步步为营;夺宝
510286;步步为营碎片3;4;;;集齐6个碎片，可合成兵法作步步为营;夺宝
510287;步步为营碎片4;4;;;集齐6个碎片，可合成兵法作步步为营;夺宝
510288;步步为营碎片5;4;;;集齐6个碎片，可合成兵法作步步为营;夺宝
510289;步步为营碎片6;4;;;集齐6个碎片，可合成兵法作步步为营;夺宝
510290;强行推进碎片1;4;;;集齐6个碎片，可合成兵法作强行推进;夺宝
510291;强行推进碎片2;4;;;集齐6个碎片，可合成兵法作强行推进;夺宝
510292;强行推进碎片3;4;;;集齐6个碎片，可合成兵法作强行推进;夺宝
510293;强行推进碎片4;4;;;集齐6个碎片，可合成兵法作强行推进;夺宝
510294;强行推进碎片5;4;;;集齐6个碎片，可合成兵法作强行推进;夺宝
510295;强行推进碎片6;4;;;集齐6个碎片，可合成兵法作强行推进;夺宝
510296;箭雨如风碎片1;4;;;集齐6个碎片，可合成兵法作箭雨如风;夺宝
510297;箭雨如风碎片2;4;;;集齐6个碎片，可合成兵法作箭雨如风;夺宝
510298;箭雨如风碎片3;4;;;集齐6个碎片，可合成兵法作箭雨如风;夺宝
510299;箭雨如风碎片4;4;;;集齐6个碎片，可合成兵法作箭雨如风;夺宝
510300;箭雨如风碎片5;4;;;集齐6个碎片，可合成兵法作箭雨如风;夺宝
510301;箭雨如风碎片6;4;;;集齐6个碎片，可合成兵法作箭雨如风;夺宝
510302;漫天飞羽碎片1;4;;;集齐6个碎片，可合成兵法作漫天飞羽;夺宝
510303;漫天飞羽碎片2;4;;;集齐6个碎片，可合成兵法作漫天飞羽;夺宝
510304;漫天飞羽碎片3;4;;;集齐6个碎片，可合成兵法作漫天飞羽;夺宝
510305;漫天飞羽碎片4;4;;;集齐6个碎片，可合成兵法作漫天飞羽;夺宝
510306;漫天飞羽碎片5;4;;;集齐6个碎片，可合成兵法作漫天飞羽;夺宝
510307;漫天飞羽碎片6;4;;;集齐6个碎片，可合成兵法作漫天飞羽;夺宝
510308;火箭飞蝗碎片1;4;;;集齐6个碎片，可合成兵法作火箭飞蝗;夺宝
510309;火箭飞蝗碎片2;4;;;集齐6个碎片，可合成兵法作火箭飞蝗;夺宝
510310;火箭飞蝗碎片3;4;;;集齐6个碎片，可合成兵法作火箭飞蝗;夺宝
510311;火箭飞蝗碎片4;4;;;集齐6个碎片，可合成兵法作火箭飞蝗;夺宝
510312;火箭飞蝗碎片5;4;;;集齐6个碎片，可合成兵法作火箭飞蝗;夺宝
510313;火箭飞蝗碎片6;4;;;集齐6个碎片，可合成兵法作火箭飞蝗;夺宝
510314;地动山摇碎片1;4;;;集齐6个碎片，可合成兵法作地动山摇;夺宝
510315;地动山摇碎片2;4;;;集齐6个碎片，可合成兵法作地动山摇;夺宝
510316;地动山摇碎片3;4;;;集齐6个碎片，可合成兵法作地动山摇;夺宝
510317;地动山摇碎片4;4;;;集齐6个碎片，可合成兵法作地动山摇;夺宝
510318;地动山摇碎片5;4;;;集齐6个碎片，可合成兵法作地动山摇;夺宝
510319;地动山摇碎片6;4;;;集齐6个碎片，可合成兵法作地动山摇;夺宝
510320;望闻问切碎片1;4;;;集齐6个碎片，可合成兵法作望闻问切;夺宝
510321;望闻问切碎片2;4;;;集齐6个碎片，可合成兵法作望闻问切;夺宝
510322;望闻问切碎片3;4;;;集齐6个碎片，可合成兵法作望闻问切;夺宝
510323;望闻问切碎片4;4;;;集齐6个碎片，可合成兵法作望闻问切;夺宝
510324;望闻问切碎片5;4;;;集齐6个碎片，可合成兵法作望闻问切;夺宝
510325;望闻问切碎片6;4;;;集齐6个碎片，可合成兵法作望闻问切;夺宝
510326;妙手回春碎片1;4;;;集齐6个碎片，可合成兵法作妙手回春;夺宝
510327;妙手回春碎片2;4;;;集齐6个碎片，可合成兵法作妙手回春;夺宝
510328;妙手回春碎片3;4;;;集齐6个碎片，可合成兵法作妙手回春;夺宝
510329;妙手回春碎片4;4;;;集齐6个碎片，可合成兵法作妙手回春;夺宝
510330;妙手回春碎片5;4;;;集齐6个碎片，可合成兵法作妙手回春;夺宝
510331;妙手回春碎片6;4;;;集齐6个碎片，可合成兵法作妙手回春;夺宝
510332;莺啼燕语碎片1;4;;;集齐6个碎片，可合成兵法作莺啼燕语;夺宝
510333;莺啼燕语碎片2;4;;;集齐6个碎片，可合成兵法作莺啼燕语;夺宝
510334;莺啼燕语碎片3;4;;;集齐6个碎片，可合成兵法作莺啼燕语;夺宝
510335;莺啼燕语碎片4;4;;;集齐6个碎片，可合成兵法作莺啼燕语;夺宝
510336;莺啼燕语碎片5;4;;;集齐6个碎片，可合成兵法作莺啼燕语;夺宝
510337;莺啼燕语碎片6;4;;;集齐6个碎片，可合成兵法作莺啼燕语;夺宝
510338;柔情似水碎片1;4;;;集齐6个碎片，可合成兵法作柔情似水;夺宝
510339;柔情似水碎片2;4;;;集齐6个碎片，可合成兵法作柔情似水;夺宝
510340;柔情似水碎片3;4;;;集齐6个碎片，可合成兵法作柔情似水;夺宝
510341;柔情似水碎片4;4;;;集齐6个碎片，可合成兵法作柔情似水;夺宝
510342;柔情似水碎片5;4;;;集齐6个碎片，可合成兵法作柔情似水;夺宝
510343;柔情似水碎片6;4;;;集齐6个碎片，可合成兵法作柔情似水;夺宝
510344;歌尽浮华碎片1;4;;;集齐6个碎片，可合成兵法作歌尽浮华;夺宝
510345;歌尽浮华碎片2;4;;;集齐6个碎片，可合成兵法作歌尽浮华;夺宝
510346;歌尽浮华碎片3;4;;;集齐6个碎片，可合成兵法作歌尽浮华;夺宝
510347;歌尽浮华碎片4;4;;;集齐6个碎片，可合成兵法作歌尽浮华;夺宝
510348;歌尽浮华碎片5;4;;;集齐6个碎片，可合成兵法作歌尽浮华;夺宝
510349;歌尽浮华碎片6;4;;;集齐6个碎片，可合成兵法作歌尽浮华;夺宝
